<?xml version="1.0" encoding="UTF-8"?>
<beans xmlns="http://www.springframework.org/schema/beans"
	xmlns:xsi="http://www.w3.org/2001/XMLSchema-instance"
	xmlns:c="http://www.springframework.org/schema/c"
	xmlns:p="http://www.springframework.org/schema/p"
	xsi:schemaLocation="http://www.springframework.org/schema/beans http://www.springframework.org/schema/beans/spring-beans.xsd">
	
	<bean id ="player1" class="com.javalec.ex_01.Player">
		<constructor-arg value = "박병호"/>
		<constructor-arg value ="28" />
		<constructor-arg>
			<list>
				<value>4번</value>
				<value>1루수</value>
			</list>
		</constructor-arg>
		
		<property name="height">
			<value>188</value>
		</property>
		
		<property name="weight" value="80"/>
	</bean>
	
	<bean id="playerInfo1" class="com.javalec.ex_01.PlayerInfo">
		<property name="player">
			<ref bean="player1"/>
		</property>
	</bean>
	

</beans>
